1502928000.0,301.13000000,312.18000000,278.00000000,290.91000000,18714.75453000,1503187199999,5633624.39957220,11975,15215.00091000,4594232.24196520,58005.17104565
1503187200.0,289.41000000,346.52000000,144.21000000,309.80000000,15685.93501000,1503446399999,4886746.03908760,12540,10624.66838000,3309955.97346770,66821.52067468
1503446400.0,312.25000000,338.28000000,309.41000000,327.24000000,22544.96723000,1503705599999,7267044.09748850,22487,6779.96223000,2198450.74830120,106332.85796088
1503705600.0,327.24000000,351.00000000,323.41000000,346.00000000,13792.30406000,1503964799999,4620229.90458100,13899,3222.45963000,1086736.36720920,82902.92984582
1503964800.0,347.00000000,393.71000000,346.00000000,384.79000000,11914.59888000,1504223999999,4486037.22735900,12651,3640.73964000,1373415.16611100,82026.24194321
1504224000.0,386.44000000,394.39000000,320.08000000,341.77000000,17692.63369000,1504483199999,6340938.69295510,18494,6265.64060000,2246056.48534080,88087.12404857
1504483200.0,339.29000000,344.55000000,235.55000000,335.00000000,20568.53973000,1504742399999,6193899.95814000,23491,9450.79450000,2842096.19969620,84763.06977404
1504742400.0,335.01000000,342.50000000,272.00000000,296.74000000,10760.24260000,1505001599999,3335195.93250460,7818,5383.96187000,1657151.93726530,74712.70835115
1505001600.0,296.72000000,316.46000000,261.03000000,293.96000000,14162.41148000,1505260799999,4192168.00080870,11263,6902.24997000,2040998.46446340,70070.60153339
1505260800.0,293.93000000,294.50000000,192.00000000,253.00000000,33277.08042000,1505519999999,8191160.50490660,21891,13665.60315000,3377990.55182680,64252.91009631
1505520000.0,255.99000000,306.22000000,235.51000000,294.57000000,19102.56399000,1505779199999,4979794.30087420,17576,7651.28931000,2025014.32206410,60397.47132269
1505779200.0,296.00000000,300.00000000,252.10000000,257.00000000,4843.03169000,1506038399999,1354706.49601400,6078,1936.25316000,545288.12059680,60609.52923576
1506038400.0,258.00000000,294.61000000,253.01000000,282.00000000,9864.39244000,1506297599999,2754650.02949980,14067,2768.58158000,767389.10147090,62729.13499539
1506297600.0,282.00000000,313.00000000,281.34000000,309.74000000,15955.51221000,1506556799999,4679574.03190650,24702,4300.98537000,1261498.55613400,74084.88778690
1506556800.0,309.81000000,311.81000000,274.00000000,304.36000000,21710.71619000,1506815999999,6437415.81715460,31800,9032.29803000,2673573.29049330,88439.42297005
1506816000.0,305.13000000,306.00000000,283.18000000,292.48000000,14317.75207000,1507075199999,4257950.25457680,25681,5000.53214000,1487408.87763820,92956.98811034
1507075200.0,292.47000000,310.80000000,285.53000000,310.80000000,10968.30167000,1507334399999,3234808.06651850,19422,5680.79528000,1680009.39802680,94556.00390113
1507334400.0,309.90000000,318.50000000,286.65000000,297.19000000,10012.10137000,1507593599999,3058541.08103990,19216,3676.51663000,1127874.58333700,96362.85524303
1507593600.0,297.35000000,310.00000000,293.00000000,303.99000000,18301.71694000,1507852799999,5550937.13965160,18427,9339.86488000,2835987.30831600,98285.65411766
1507852800.0,303.52000000,353.96000000,297.00000000,337.96000000,35668.67762000,1508111999999,11815441.96757220,22423,16286.12615000,5426062.77694800,111022.00575221
1508112000.0,337.50000000,354.00000000,284.68000000,309.70000000,29718.25993000,1508371199999,9510443.08554530,23224,14313.18379000,4586291.64334030,123470.94593511
1508371200.0,311.52000000,315.00000000,290.00000000,298.94000000,26009.69624000,1508630399999,7901469.17154040,19924,11440.09830000,3479723.68084210,123127.52882388
1508630400.0,298.99000000,310.00000000,272.20000000,297.38000000,30898.53221000,1508889599999,9116667.85430590,20378,16746.37769000,4951565.91981190,126854.43540945
1508889600.0,295.43000000,300.00000000,281.00000000,296.33000000,23788.26780000,1509148799999,6999898.13446470,19252,10043.75665000,2959263.09391390,124973.01333668
1509148800.0,296.14000000,316.00000000,290.10000000,307.25000000,23814.11930000,1509407999999,7183698.24611850,18957,10768.51874000,3260501.62756180,131298.78341356
1509408000.0,305.95000000,309.99000000,274.73000000,283.12000000,30907.43562000,1509667199999,9107174.23080560,33382,11061.50993000,3273428.48946020,141653.48167664
1509667200.0,283.12000000,307.00000000,282.00000000,295.53000000,22660.87328000,1509926399999,6708675.40910000,25522,10495.43650000,3112690.67453320,163794.63009765
1509926400.0,295.19000000,320.00000000,287.00000000,303.02000000,32895.93756000,1510185599999,9838005.00185280,31088,13931.09244000,4180105.81370830,170293.23529459
1510185600.0,303.60000000,329.00000000,285.82000000,310.02000000,37598.62782000,1510444799999,11572474.36317230,26107,18239.68708000,5618765.03726030,189047.13995797
1510444800.0,310.87000000,337.54000000,281.01000000,335.61000000,54384.05023000,1510703999999,16954762.61903740,34438,25679.93583000,8043859.35496580,210416.64859479
1510704000.0,335.60000000,339.00000000,321.41000000,331.23000000,47784.90371000,1510963199999,15770945.65987930,31077,22440.58859000,7414360.80558220,204195.19355885
1510963200.0,331.20000000,373.56000000,326.01000000,367.42000000,52036.26568000,1511222399999,18277200.35607490,32752,26775.81022000,9409391.85403480,227357.06576793
1511222400.0,367.42000000,425.00000000,350.02000000,405.00000000,69768.22993000,1511481599999,26296036.41064650,37879,36829.75851000,13935509.76552730,268877.25536221
1511481600.0,405.03000000,484.47000000,392.80000000,462.84000000,73518.10707000,1511740799999,32902139.41112900,42943,34400.67266000,15414876.90556520,264872.45071353
1511740800.0,462.84000000,515.00000000,385.00000000,421.70000000,99041.85803000,1511999999999,46081700.58623120,52576,45524.05637000,21236286.60252160,259504.35194055
1512000000.0,421.92000000,471.91000000,387.01000000,457.63000000,104052.58260000,1512259199999,45480033.67016570,61137,55398.26075000,24187562.38281800,264122.66674083
1512259200.0,457.31000000,485.90000000,440.11000000,452.26000000,73059.83641000,1512518399999,33762599.06045160,60826,36849.47252000,17047229.52843520,307810.37312273
1512518400.0,452.26000000,456.78000000,375.01000000,442.56000000,121047.09610000,1512777599999,51040985.30756300,97033,50324.84290000,21289119.33626110,317685.38202946
1512777600.0,442.56000000,512.00000000,403.20000000,508.70000000,106600.76626000,1513036799999,48243744.61139120,96706,49921.71358000,22661752.38582540,352449.85730046
1513036800.0,508.44000000,747.60000000,494.89000000,679.76000000,178000.47934000,1513295999999,111469645.59358990,173458,89260.77331000,56076052.99054680,498596.72595260
1513296000.0,679.76000000,728.00000000,594.60000000,707.64000000,98042.66255000,1513555199999,66600973.64479100,99799,46474.80551000,31776972.84771680,492287.64610709
1513555200.0,707.62000000,864.90000000,638.00000000,790.21000000,187623.61318000,1513814399999,143528429.34366070,155824,93048.69894000,71436901.41231720,0
1513814400.0,794.62000000,845.99000000,504.99000000,640.34000000,311854.09114000,1514073599999,214453164.01376520,250025,157607.60835000,109359326.21626090,0
1514073600.0,640.33000000,750.00000000,563.49000000,750.00000000,234029.26163000,1514332799999,158426926.73660140,273558,120577.46173000,81995662.05368330,0
1514332800.0,750.00000000,766.05000000,645.88000000,733.99000000,188047.01755000,1514591999999,134971911.91528660,255801,93581.90621000,67276612.64134660,0
1514592000.0,732.90000000,763.55000000,635.82000000,754.99000000,206417.50337000,1514851199999,146372419.05506590,291689,101675.45959000,72228208.11308860,0
1514851200.0,754.99000000,1009.72000000,749.06000000,940.00000000,305193.71427000,1515110399999,271663126.36297050,394010,162695.21030000,145261666.05164670,0
1515110400.0,940.00000000,1125.00000000,930.00000000,1123.09000000,234607.11482000,1515369599999,237062898.99025270,305315,118476.00984000,120104186.61636440,0
1515369600.0,1123.09000000,1440.00000000,910.00000000,1247.00000000,437719.44772000,1515628799999,530749370.76467050,515644,225627.10526000,274195299.90699120,0
1515628800.0,1249.03000000,1427.01000000,1021.00000000,1388.02000000,364203.19849000,1515887999999,445984112.89889420,444637,178800.73632000,219878676.19112740,0
1515888000.0,1388.10000000,1391.89000000,780.00000000,1000.00000000,511517.26570000,1516147199999,575069663.41415300,535026,241056.31511000,272525821.11790170,0
1516147200.0,999.99000000,1079.00000000,755.00000000,1032.50000000,898833.49786000,1516406399999,866245575.68550820,841155,450804.57759000,435399847.83274820,0
1516406400.0,1032.50000000,1165.40000000,908.00000000,993.00000000,483596.11153000,1516665599999,508963617.08268260,528736,229162.35262000,241525961.57599630,0
1516665600.0,993.00000000,1115.00000000,909.00000000,1056.52000000,413833.36923000,1516924799999,419702388.78344160,492593,195311.87455000,197955876.85531000,0
1516924800.0,1055.29000000,1277.00000000,986.00000000,1251.96000000,385518.71225000,1517183999999,428563592.55251120,490049,186442.57422000,208313042.15970210,0
1517184000.0,1251.96000000,1258.89000000,1029.00000000,1124.81000000,360943.35995000,1517443199999,409366728.40641850,621479,169084.12431000,191674217.86405590,0
1517443200.0,1125.96000000,1164.99000000,783.67000000,971.00000000,740768.40055000,1517702399999,719021201.71840310,1122858,366588.83239000,356641983.66039830,0
1517702400.0,971.00000000,975.00000000,570.10000000,779.25000000,1200906.98099000,1517961599999,869511559.71106270,1407745,580561.49857000,418884212.87613640,0
1517961600.0,779.99000000,882.20000000,714.18000000,877.00000000,462367.37889000,1518220799999,371686143.25619580,599648,229622.32057000,184618130.11281160,0
1518220800.0,876.30000000,911.20000000,768.28000000,866.66000000,547728.40689000,1518479999999,462178587.85139720,961904,271925.81894000,229376598.95782260,0
1518480000.0,866.39000000,946.66000000,820.00000000,924.55000000,416286.57619000,1518739199999,370298421.41516550,840922,205225.20348000,182626096.31997850,0
1518739200.0,924.55000000,978.50000000,897.00000000,911.00000000,385760.99485000,1518998399999,362430543.02953840,758772,190694.82770000,179207471.59919370,0
1518998400.0,911.00000000,961.00000000,812.87000000,835.89000000,376356.72187000,1519257599999,338081422.34283350,738994,178611.32038000,160335759.28368450,0
1519257600.0,836.35000000,885.00000000,785.99000000,833.94000000,381380.84391000,1519516799999,318170453.99557280,729620,186662.31410000,155790348.01238610,0
1519516800.0,833.92000000,897.49000000,813.18000000,870.11000000,197830.41459000,1519775999999,169812038.37781660,382654,101704.78855000,87289670.53134390,0
1519776000.0,871.84000000,891.00000000,848.65000000,856.28000000,136841.71718000,1520035199999,118789690.55477240,269207,67705.72418000,58795142.27381070,0
1520035200.0,856.27000000,871.75000000,836.24000000,849.84000000,94473.11062000,1520294399999,81243173.39392020,191505,43494.63077000,37398702.29417860,0
1520294400.0,849.81000000,853.18000000,684.00000000,695.46000000,233984.13082000,1520553599999,179123470.52184310,372202,106706.30547000,81521650.33373050,0
1520553600.0,695.48000000,745.00000000,640.00000000,720.85000000,253525.41144000,1520812799999,176381496.12536370,380678,130890.14897000,91134147.52293370,0
1520812800.0,721.00000000,740.50000000,585.00000000,610.10000000,213372.29718000,1521071999999,144479014.68570910,357343,97284.43026000,66082385.80770010,0
1521072000.0,610.10000000,625.30000000,544.00000000,546.95000000,227169.39367000,1521331199999,135011469.72879220,310157,112401.39232000,66886627.70545500,0
1521331200.0,547.98000000,567.87000000,450.00000000,557.00000000,569042.91211000,1521590399999,298679996.26163440,605266,273843.34353000,144154634.12370580,0
1521590400.0,557.00000000,590.52000000,506.71000000,543.03000000,334541.43983000,1521849599999,182574385.32064020,385159,166513.56619000,90830570.90203120,0
1521849600.0,543.20000000,545.99000000,465.56000000,485.00000000,310698.19763000,1522108799999,158549290.76281620,339299,152092.72986000,77485646.60780890,0
1522108800.0,485.00000000,491.55000000,380.00000000,384.00000000,453426.18243000,1522367999999,196083171.31149870,406461,209934.63874000,90743134.89807080,0
1522368000.0,383.87000000,419.40000000,356.90000000,378.58000000,610582.38258000,1522627199999,236397845.26972010,486280,297372.67588000,115284515.94255340,0
1522627200.0,378.58000000,419.08000000,370.00000000,378.16000000,391738.09424000,1522886399999,153576593.41425170,347380,202740.28428000,79462398.36015600,0
1522886400.0,378.15000000,394.75000000,362.54000000,384.51000000,266236.17864000,1523145599999,100499123.06734250,238107,136960.80303000,51752771.01529170,0
1523145600.0,384.51000000,431.99000000,384.00000000,416.07000000,290443.32954000,1523404799999,117131933.51624760,257571,152088.55211000,61417228.48178330,0
1523404800.0,415.53000000,530.00000000,410.38000000,495.11000000,588225.15725000,1523663999999,277614614.55390400,486160,290091.69036000,136762934.29882270,0
1523664000.0,494.69000000,538.00000000,485.58000000,511.46000000,360382.01324000,1523923199999,183885920.05338570,294949,178217.98321000,90984732.44514570,0
1523923200.0,512.09000000,571.61000000,500.02000000,568.14000000,281939.68961000,1524182399999,147991612.00746960,260983,146350.44399000,76824674.63500800,0
1524182400.0,568.14000000,643.49000000,556.50000000,620.92000000,439701.36584000,1524441599999,264361353.26746580,434849,213720.38740000,128551523.47329660,0
1524441600.0,620.67000000,712.99000000,593.83000000,618.00000000,590352.88193000,1524700799999,386150762.35502450,557370,299277.49365000,195944222.39353500,0
1524700800.0,617.73000000,694.90000000,600.00000000,682.86000000,403685.85541000,1524959999999,264302747.42854740,396829,200711.25509000,131590079.71759650,0
1524960000.0,683.50000000,700.49000000,627.58000000,672.00000000,355638.82264000,1525219199999,238955033.13274700,350753,169181.33208000,113771443.10568840,0
1525219200.0,671.99000000,810.00000000,663.00000000,785.99000000,495529.11445000,1525478399999,369813848.76817210,469683,256677.07530000,191272878.31511710,0
1525478400.0,785.80000000,839.99000000,701.00000000,752.49000000,579739.41094000,1525737599999,446848116.34618240,508376,280947.74277000,217271981.71809350,0
1525737600.0,753.00000000,777.00000000,710.26000000,722.52000000,349478.87312000,1525996799999,260748857.17487660,331414,174252.07702000,130070250.38628080,0
1525996800.0,722.52000000,742.00000000,633.20000000,729.08000000,519777.01685000,1526255999999,357954679.13618070,467918,249850.91759000,172114180.91542850,0
1526256000.0,729.08000000,743.90000000,673.52000000,706.29000000,429560.60998000,1526515199999,305581877.47058960,390649,214056.78646000,152409543.28937170,0
1526515200.0,706.80000000,719.25000000,656.00000000,697.00000000,302093.90323000,1526774399999,208464977.58734070,323889,151395.53191000,104508609.38943000,0
1526774400.0,697.00000000,729.88000000,637.32000000,640.99000000,289149.47231000,1527033599999,201139216.67882060,292038,137876.08309000,96022597.27173390,0
1527033600.0,640.86000000,669.00000000,550.00000000,585.55000000,571030.65866000,1527292799999,340081100.95614330,478098,276513.08996000,164681990.17210720,0
1527292800.0,585.56000000,607.62000000,506.11000000,511.50000000,327949.22523000,1527551999999,183893135.59460340,303438,162645.77630000,91310233.77355790,0
1527552000.0,511.50000000,586.73000000,510.00000000,577.81000000,411316.63074000,1527811199999,229124869.75243450,310841,213342.51604000,118730285.10238650,0
1527811200.0,577.81000000,628.81000000,564.93000000,619.66000000,248222.32116000,1528070399999,147342106.80343880,250345,118033.90363000,69998869.56430570,0
1528070400.0,619.66000000,625.47000000,570.36000000,607.40000000,255546.10975000,1528329599999,153116184.27210460,244241,125618.80960000,75301521.96933410,0
1528329600.0,606.68000000,618.00000000,591.00000000,592.87000000,148310.26165000,1528588799999,89618211.75895570,151336,70203.07502000,42437176.04017500,0
1528588800.0,592.44000000,592.87000000,482.00000000,493.00000000,494386.81060000,1528847999999,261554302.93358920,384218,252485.10241000,133656996.87021640,0
1528848000.0,493.00000000,529.00000000,449.06000000,487.48000000,548467.80354000,1529107199999,268936751.48096930,413561,276679.57590000,135744775.43247500,0
1529107200.0,487.47000000,524.48000000,483.72000000,517.95000000,392239.06666000,1529366399999,196066777.11994980,308005,226782.86798000,113376590.75246710,0
1529366400.0,517.77000000,548.20000000,510.01000000,526.18000000,351903.32848000,1529625599999,186254700.69033650,307569,183337.88275000,97040614.65729740,0
1529625600.0,526.32000000,526.44000000,419.53000000,454.41000000,505388.90350000,1529884799999,235128688.93856790,404678,240208.13787000,111617876.96990450,0
1529884800.0,454.29000000,474.47000000,420.19000000,441.64000000,306101.58063000,1530143999999,136691310.27620920,251824,158297.56419000,70662150.01576250,0
1530144000.0,441.36000000,463.15000000,404.48000000,454.09000000,428974.07898000,1530403199999,185879003.90234030,340859,225270.98038000,97699251.86123000,0
1530403200.0,454.20000000,486.98000000,443.73000000,461.82000000,480766.29342000,1530662399999,222712592.17909340,353737,261724.52230000,121180794.61991870,0
1530662400.0,461.78000000,482.70000000,451.29000000,470.47000000,328120.85831000,1530921599999,153794873.77051750,289144,174662.50025000,81929881.92194240,0
1530921600.0,470.48000000,495.98000000,461.50000000,471.71000000,317865.23117000,1531180799999,152790094.68757880,255901,159736.09293000,76727834.99899550,0
1531180800.0,471.73000000,473.23000000,416.94000000,431.14000000,514540.65270000,1531439999999,225944231.82524150,344840,273417.97203000,120021641.65264890,0
1531440000.0,431.14000000,455.00000000,424.62000000,449.78000000,412989.28977000,1531699199999,180745482.26804960,256883,237914.85872000,104121091.64180950,0
1531699200.0,449.79000000,515.47000000,444.03000000,479.41000000,623896.58814000,1531958399999,301360125.14039720,434047,340581.66808000,164333545.87312600,0
1531958400.0,479.40000000,484.15000000,440.00000000,460.23000000,406441.09016000,1532217599999,189083312.29396530,312192,215605.52248000,100482266.83532410,0
1532217600.0,460.23000000,484.27000000,447.11000000,479.28000000,325533.11576000,1532476799999,151454116.91305390,252804,156963.17989000,73104511.28355430,0
1532476800.0,479.24000000,485.77000000,455.84000000,470.09000000,542756.56067000,1532735999999,255922140.14228250,334793,302987.09241000,142898159.32606270,0
1532736000.0,470.09000000,472.00000000,446.10000000,456.23000000,475191.95110000,1532995199999,220366012.50626720,264497,275723.32906000,127917482.99830930,0
1532995200.0,456.19000000,457.30000000,406.55000000,410.62000000,602904.76341000,1533254399999,256569113.38532270,343947,339873.06689000,144615603.10464830,0
1533254400.0,410.62000000,420.01000000,396.61000000,408.79000000,539568.95875000,1533513599999,220832822.35266520,303857,302879.61793000,123956120.89422920,0
1533513600.0,408.77000000,413.28000000,347.25000000,355.48000000,649249.64331000,1533772799999,251233260.18537050,391772,355961.81187000,138141706.08061660,0
1533772800.0,355.48000000,369.90000000,304.45000000,317.69000000,844177.01188000,1534031999999,288044857.91192560,470594,489315.50786000,167099434.45074630,0
1534032000.0,317.49000000,327.13000000,250.00000000,278.41000000,928412.39749000,1534291199999,265378125.24408060,440475,498750.12829000,142957160.47311640,0
1534291200.0,278.47000000,318.00000000,276.30000000,317.51000000,1016842.35734000,1534550399999,296924605.85228130,484246,564241.16232000,164866661.39441920,0
1534550400.0,317.51000000,321.33000000,269.50000000,270.51000000,891658.62606000,1534809599999,264475206.27815370,411925,490201.51601000,145651456.48738430,0
1534809600.0,270.51000000,298.89000000,259.50000000,275.99000000,905942.96883000,1535068799999,251663249.40103790,419280,504652.31548000,140140028.96279690,0
1535068800.0,276.06000000,283.10000000,268.69000000,274.29000000,757751.65820000,1535327999999,209306285.27187800,345829,449232.89782000,124123798.72152170,0
1535328000.0,274.17000000,298.00000000,271.59000000,288.40000000,923619.41022000,1535587199999,264274285.88395950,447370,512043.34204000,146520237.74116520,0
1535587200.0,288.35000000,302.00000000,271.88000000,295.71000000,934600.95461000,1535846399999,265862002.45387700,407648,543071.78956000,154444964.84726000,0
1535846400.0,295.80000000,299.33000000,283.00000000,285.30000000,758155.95174000,1536105599999,219702122.26114200,320704,416569.10436000,120649639.24645450,0
1536105600.0,285.18000000,287.62000000,212.00000000,215.22000000,1480111.00268000,1536364799999,350151321.16012180,621839,804509.44475000,190534580.32480290,0
1536364800.0,215.19000000,220.20000000,185.02000000,197.15000000,1166604.74159000,1536623999999,232197353.08917400,403406,605241.61546000,120354154.01334850,0
1536624000.0,197.22000000,215.00000000,167.32000000,210.68000000,1720296.92432000,1536883199999,325586505.37464070,536917,876153.38445000,166245069.73704240,0
1536883200.0,210.91000000,227.42000000,202.60000000,220.17000000,1700530.93215000,1537142399999,366580705.61920210,506154,878179.25738000,189291875.46067600,0
1537142400.0,220.24000000,225.00000000,192.40000000,209.79000000,1905487.39098000,1537401599999,394930624.85848040,519995,977357.87475000,202389679.65331290,0
1537401600.0,209.79000000,255.13000000,205.56000000,241.01000000,1838402.11214000,1537660799999,419443346.57585320,557901,956761.44787000,217963325.32937150,0
1537660800.0,241.01000000,249.73000000,203.61000000,219.62000000,1296004.00937000,1537919999999,291580846.32773390,450965,663935.67615000,148705564.60338510,0
1537920000.0,219.50000000,234.42000000,205.01000000,221.84000000,1814463.34318000,1538179199999,399930354.39240950,582854,988366.33596000,217875762.53060350,0
1538179200.0,221.89000000,239.00000000,214.18000000,231.61000000,1359096.85798000,1538438399999,312381256.92815920,478821,749513.08117000,172310982.15722830,0
1538438400.0,231.62000000,232.51000000,216.51000000,222.66000000,835052.01895000,1538697599999,187959682.29268320,325538,446640.61459000,100670768.59466060,0
1538697600.0,222.66000000,231.75000000,219.35000000,226.14000000,312721.60009000,1538956799999,70331485.38907160,120022,163135.64870000,36703064.73664210,0
1538956800.0,226.26000000,232.70000000,224.05000000,226.74000000,433983.82044000,1539215999999,98724292.01117670,174630,217540.54109000,49488038.96274070,0
1539216000.0,226.70000000,226.91000000,189.01000000,201.30000000,820922.74711000,1539475199999,165194684.21512510,325944,400573.83237000,80458483.01879560,0
1539475200.0,201.39000000,239.00000000,194.33000000,215.09000000,1230392.03968000,1539734399999,265662840.98687310,420128,650009.48218000,140297408.09117130,0
1539734400.0,215.20000000,216.99000000,203.53000000,205.00000000,558658.93758000,1539993599999,116860013.74877570,246062,299081.85821000,62501764.09049140,0
1539993600.0,205.10000000,211.99000000,203.57000000,206.67000000,351700.95771000,1540252799999,73110020.95702210,147617,192417.84361000,39997539.87763390,0
1540252800.0,206.67000000,207.95000000,202.14000000,203.93000000,287293.44055000,1540511999999,59015893.41343480,136313,148229.77531000,30459838.48742320,0
1540512000.0,203.84000000,209.00000000,203.00000000,204.99000000,185774.34977000,1540771199999,38072431.11430480,139417,96268.41424000,19729546.30262180,0
1540771200.0,204.99000000,205.49000000,193.01000000,198.73000000,316655.34159000,1541030399999,62805399.51733680,195587,163454.28637000,32411275.92323780,0
1541030400.0,198.70000000,203.74000000,197.88000000,200.31000000,255306.14374000,1541289599999,51132364.33197020,162075,132461.48679000,26533930.26726770,0
1541289600.0,200.27000000,221.25000000,199.00000000,220.74000000,521764.25747000,1541548799999,110208724.84290100,304830,259917.89453000,54899068.43777900,0
1541548800.0,220.77000000,224.80000000,209.10000000,210.77000000,546975.47556000,1541807999999,118493012.43123920,271810,275342.87199000,59662657.15378330,0
1541808000.0,210.78000000,215.55000000,209.00000000,212.89000000,367617.26252000,1542067199999,78166030.07961200,184903,198381.15767000,42181472.09691640,0
1542067200.0,212.91000000,213.80000000,170.99000000,184.35000000,1001558.64324000,1542326399999,188381677.46866980,465921,482697.12460000,90790557.93716640,0
1542326400.0,184.35000000,185.00000000,173.00000000,178.97000000,528251.38012000,1542585599999,94164349.67768010,266907,272737.64779000,48633751.87402840,0
1542585600.0,179.04000000,179.33000000,126.95000000,138.23000000,2312299.91189000,1542844799999,331650116.97700380,828316,1127029.50598000,161888078.51457440,0
1542844800.0,138.36000000,140.40000000,112.32000000,114.89000000,1310347.88335000,1543103999999,164759212.56654590,437295,649930.28429000,81812947.04283950,0
1543104000.0,114.83000000,122.35000000,102.36000000,111.43000000,2039735.08099000,1543363199999,227571131.96013250,668455,1048206.10601000,116990822.59051800,0
1543363200.0,111.38000000,126.80000000,111.09000000,113.73000000,1475923.77267000,1543622399999,173987841.79852330,530637,750319.32290000,88462801.11784050,0
1543622400.0,113.71000000,120.80000000,106.70000000,108.76000000,928262.72216000,1543881599999,106983703.58148360,339760,479578.73884000,55311958.07457930,0
1543881600.0,108.76000000,113.20000000,90.20000000,91.00000000,1215531.12914000,1544140799999,125999604.57503180,411481,571946.09123000,59351150.54783490,0
1544140800.0,91.18000000,98.70000000,82.07000000,93.26000000,2248810.07019000,1544399999999,202257077.73724210,695281,1139531.26944000,102553859.38314510,0
1544400000.0,93.26000000,95.21000000,85.83000000,89.41000000,1034000.91204000,1544659199999,92735931.60557350,309764,520704.08151000,46694595.24906880,0
1544659200.0,89.39000000,90.71000000,81.79000000,83.76000000,866582.69285000,1544918399999,74300171.63163860,281455,441307.00523000,37836535.32082100,0
1544918400.0,83.75000000,101.30000000,83.73000000,100.39000000,1243565.78868000,1545177599999,113952222.90064180,408368,653188.83846000,59954334.51087390,0
1545177600.0,100.39000000,118.00000000,97.75000000,107.69000000,2353409.88087000,1545436799999,252501227.36935040,772829,1175707.77278000,126059954.65922190,0
1545436800.0,107.67000000,157.67000000,105.38000000,138.03000000,2661376.75257000,1545695999999,353202325.23066700,888214,1338456.81280000,177555577.25353410,0
1545696000.0,138.01000000,139.26000000,111.22000000,113.80000000,2623176.08521000,1545955199999,329254492.32608410,816999,1333006.77213000,167070933.95273420,0
1545955200.0,113.75000000,145.42000000,111.87000000,137.77000000,2605368.10509000,1546214399999,343148772.93346670,772442,1313454.37355000,172957250.10596130,0
1546214400.0,137.81000000,155.37000000,128.70000000,152.01000000,1827868.04283000,1546473599999,257844974.83341710,536538,895356.77740000,126282322.14312820,0
1546473600.0,152.01000000,159.26000000,143.11000000,152.83000000,2286509.39271000,1546732799999,346019016.47495920,662157,1126975.71144000,170640472.49173660,0
1546732800.0,152.83000000,157.40000000,145.20000000,147.60000000,1494334.84402000,1546991999999,225527832.13483690,532490,744110.99994000,112323348.67323790,0
1546992000.0,147.62000000,151.50000000,120.08000000,124.65000000,1716489.29707000,1547251199999,226892908.01190840,613170,873019.67378000,115333470.12528040,0
1547251200.0,124.67000000,130.05000000,111.87000000,126.95000000,1269244.51035000,1547510399999,153618610.93533710,440103,670987.72939000,81096776.01442300,0
1547510400.0,126.95000000,129.40000000,116.00000000,121.54000000,1610042.41158000,1547769599999,196153824.76532570,562999,815034.18341000,99231582.73041600,0
1547769600.0,121.56000000,125.29000000,115.68000000,117.47000000,1010743.33048000,1548028799999,121854799.74048090,394961,501499.35548000,60428089.55387880,0
1548028800.0,117.56000000,119.49000000,111.39000000,116.44000000,893423.18914000,1548287999999,104011197.29119380,357328,459357.71767000,53504346.79417190,0
1548288000.0,116.40000000,118.00000000,113.61000000,115.34000000,561076.20756000,1548547199999,64999827.90556110,244650,282871.40776000,32782063.06118170,0
1548547200.0,115.32000000,116.15000000,100.91000000,104.45000000,1133344.30191000,1548806399999,121635611.46189650,403920,560417.35539000,60139810.89669170,0
1548806400.0,104.41000000,110.61000000,103.45000000,106.73000000,864797.69635000,1549065599999,92394408.79698780,307712,435447.02002000,46522927.69666280,0
1549065600.0,106.71000000,111.15000000,105.82000000,107.68000000,574970.40087000,1549324799999,62072501.19179750,211358,288509.29194000,31148095.68057960,0
1549324800.0,107.65000000,108.18000000,101.21000000,104.48000000,644876.56797000,1549583999999,67651533.19196730,251336,322281.56249000,33821304.93565590,0
1549584000.0,104.48000000,126.49000000,103.41000000,125.12000000,1303837.70284000,1549843199999,152018928.46035960,441881,676217.85797000,78855140.42704380,0
1549843200.0,125.12000000,126.47000000,118.18000000,121.86000000,1050998.29347000,1550102399999,127874306.49605560,365518,531407.25072000,64658521.10828600,0
1550102400.0,121.86000000,124.99000000,120.10000000,122.67000000,767822.57012000,1550361599999,93851640.89929080,286997,389250.75038000,47587711.19631350,0
1550361600.0,122.67000000,150.00000000,122.43000000,143.44000000,2442587.65543000,1550620799999,341359760.07055520,694925,1245593.51069000,174432887.18393510,0
1550620800.0,143.45000000,149.61000000,139.60000000,147.36000000,1427919.20422000,1550879999999,208107862.68665690,469650,730421.48691000,106471006.55800060,0
1550880000.0,147.40000000,166.00000000,131.70000000,137.87000000,2649837.63111000,1551139199999,387034473.30764000,767563,1362627.67105000,199082983.69392120,0
1551139200.0,137.88000000,140.29000000,126.84000000,135.34000000,1579474.09817000,1551398399999,214361230.18340850,488233,799788.04780000,108591579.99319600,0
1551398400.0,135.32000000,137.95000000,128.01000000,130.60000000,822090.59514000,1551657599999,110114147.50386730,303292,442458.30776000,59322065.13879660,0
1551657600.0,130.60000000,140.29000000,122.60000000,137.40000000,1345405.90038000,1551916799999,177502322.74715600,431950,694470.87049000,91670483.59267620,0
1551916800.0,137.37000000,140.20000000,130.62000000,137.27000000,917481.19592000,1552175999999,125371942.63555910,339391,462936.43789000,63284400.59812270,0
1552176000.0,137.27000000,137.50000000,130.77000000,133.57000000,663458.14341000,1552435199999,88917996.23095610,266498,341891.31969000,45827325.34334560,0
1552435200.0,133.62000000,137.62000000,128.52000000,136.56000000,763702.18278000,1552694399999,101698671.57378390,290537,394814.11844000,52611020.25878570,0
1552694400.0,136.60000000,144.47000000,136.10000000,137.59000000,1009080.14540000,1552953599999,140947248.30461460,332338,505160.94896000,70560710.31984510,0
1552953600.0,137.62000000,139.66000000,131.21000000,134.85000000,753992.36330000,1553212799999,103569257.37922190,279959,374429.25617000,51449732.10737610,0
1553212800.0,134.85000000,138.21000000,134.29000000,136.09000000,559320.62928000,1553471999999,76274017.78054410,236027,281110.45347000,38338518.73767440,0
1553472000.0,136.12000000,140.14000000,131.60000000,139.45000000,731186.85251000,1553731199999,99208007.08291110,304358,371724.75366000,50433817.61739030,0
1553731200.0,139.46000000,145.89000000,137.30000000,142.46000000,653837.44517000,1553990399999,92024367.79480000,265693,346260.20596000,48735622.49163820,0
1553990400.0,142.44000000,165.60000000,139.57000000,163.31000000,1283648.26192000,1554249599999,191461609.64498890,445389,668036.57081000,99779003.91954360,0
1554249600.0,163.26000000,177.81000000,149.23000000,164.77000000,2547495.83646000,1554508799999,418729181.11610440,841286,1317599.36862000,216525416.24821760,0
1554508800.0,164.84000000,185.87000000,159.20000000,178.72000000,1867085.93079000,1554767999999,322951812.71381720,597326,917453.63049000,158753305.41816080,0
1554768000.0,178.71000000,183.77000000,158.27000000,164.07000000,1617234.86927000,1555027199999,279231116.10706900,553495,800262.16805000,138242660.62085200,0
1555027200.0,164.06000000,168.11000000,158.11000000,167.23000000,682553.28608000,1555286399999,111444934.35972390,272402,331960.51712000,54209337.91624220,0
1555286400.0,167.21000000,168.81000000,155.70000000,165.75000000,819760.96212000,1555545599999,134138958.20276660,282002,394826.33241000,64587405.37192060,0
1555545600.0,165.75000000,176.97000000,165.04000000,172.88000000,970257.14980000,1555804799999,166962572.35835230,313682,475406.64545000,81810530.59850490,0
1555804800.0,172.89000000,175.83000000,164.82000000,169.16000000,916842.18350000,1556063999999,156398341.62958680,331310,455571.94763000,77698844.40727890,0
1556064000.0,169.15000000,169.87000000,150.35000000,157.95000000,1349509.93675000,1556323199999,215736857.80737930,457126,686026.73372000,109689445.89656870,0
1556323200.0,157.93000000,166.24000000,152.00000000,155.11000000,612486.88921000,1556582399999,96490923.42701650,260636,295422.61191000,46579976.57694130,0
1556582400.0,155.14000000,163.88000000,155.11000000,161.81000000,787092.89441000,1556841599999,126034077.05673950,294943,393650.21043000,63048305.05390090,0
1556841600.0,161.82000000,171.30000000,159.18000000,163.05000000,905315.20917000,1557100799999,149440853.78430890,331131,449716.60691000,74260836.90965980,0
1557100800.0,163.05000000,182.76000000,157.55000000,170.85000000,1535435.78242000,1557359999999,265626927.18825770,468620,782740.38819000,135401337.27907400,0
1557360000.0,170.88000000,205.23000000,166.57000000,190.20000000,1595500.11866000,1557619199999,289380300.95770650,499431,816845.65610000,148224115.20528020,0
1557619200.0,190.20000000,219.81000000,181.00000000,216.40000000,2356848.75275000,1557878399999,468430745.17454730,667601,1211176.42871000,240973340.18594180,0
1557878400.0,216.40000000,279.76000000,216.21000000,244.30000000,3837950.76185000,1558137599999,953894018.87211060,1246923,1963363.84780000,488225388.35999700,0
1558137600.0,244.31000000,264.00000000,230.62000000,250.37000000,2163966.98565000,1558396799999,533616174.71043320,768294,1119768.09951000,276119708.28058530,0
1558396800.0,250.48000000,262.00000000,231.10000000,244.56000000,1773292.54726000,1558655999999,439808212.79330700,637013,898035.65561000,222766325.41187670,0
1558656000.0,244.63000000,269.40000000,241.54000000,264.45000000,1229701.53651000,1558915199999,310048644.99836740,456726,623700.06641000,157207893.20096870,0
1558915200.0,264.35000000,279.59000000,260.00000000,268.83000000,1428319.65337000,1559174399999,383737136.01301730,602151,734890.97283000,197505409.80500380,0
1559174400.0,268.92000000,288.62000000,240.14000000,264.33000000,2124110.35244000,1559433599999,566564780.89207730,804748,1097108.93781000,292918356.73524920,0
1559433600.0,264.33000000,273.20000000,234.39000000,241.39000000,1332719.51583000,1559692799999,339272905.38339670,602915,695046.35552000,176829522.19887330,0
1559692800.0,241.46000000,253.28000000,235.01000000,248.77000000,986911.18341000,1559951999999,241901195.86936150,469967,520807.95561000,127668934.76122030,0
1559952000.0,248.78000000,250.53000000,226.56000000,246.51000000,820042.66023000,1560211199999,195978354.86992060,417989,408063.69167000,97600951.97299450,0
1560211200.0,246.61000000,262.98000000,236.49000000,254.67000000,865764.94593000,1560470399999,217657593.34355520,464389,456476.89356000,114754937.24364720,0
1560470400.0,254.67000000,277.06000000,251.75000000,267.73000000,1072154.80501000,1560729599999,283947057.56486750,528343,567211.45556000,150249294.55772260,0
1560729600.0,267.73000000,276.00000000,261.45000000,268.14000000,867594.90244000,1560988799999,232809042.79680100,482211,445117.53908000,119485598.19581520,0
1560988800.0,268.16000000,314.39000000,265.71000000,310.79000000,1446790.51338000,1561247999999,424676132.82553380,707501,748781.64671000,219866576.37849410,0
1561248000.0,310.70000000,321.70000000,298.00000000,318.26000000,1117162.94758000,1561507199999,347835076.39950800,610822,584527.60461000,182105061.36158460,0
1561507200.0,318.29000000,366.80000000,280.01000000,311.05000000,2554552.21343000,1561766399999,818547371.02858740,1187436,1311158.54641000,420383788.16859480,0
1561766400.0,310.95000000,324.74000000,280.13000000,295.07000000,1404353.00520000,1562025599999,422824894.38446650,746876,715077.67279000,215264012.49447230,0
1562025600.0,295.03000000,302.89000000,272.65000000,282.73000000,1135086.30094000,1562284799999,328789688.89388850,614216,576244.20657000,166962751.51021260,0
1562284800.0,282.86000000,309.69000000,280.78000000,304.72000000,703315.29641000,1562543999999,205473703.06007970,420487,364368.18894000,106492183.92839240,0
1562544000.0,304.72000000,318.19000000,281.04000000,289.23000000,1056135.63167000,1562803199999,320869213.89504350,581887,534540.88385000,162611718.31505900,0
1562803200.0,289.23000000,289.23000000,262.12000000,268.79000000,974286.56273000,1563062399999,264518089.78043400,560979,487580.60197000,132321159.01086920,0
1563062400.0,268.80000000,269.74000000,192.25000000,198.88000000,1971648.62307000,1563321599999,442044292.28224020,896667,977973.18533000,219320705.94646350,0
1563321600.0,198.94000000,229.65000000,191.84000000,220.73000000,1675557.81091000,1563580799999,357258218.32472210,749638,869515.69246000,185368167.29661050,0
1563580800.0,220.84000000,235.09000000,212.25000000,217.51000000,866750.52861000,1563839999999,194206405.32857130,463802,444776.79783000,99669655.66027100,0
1563840000.0,217.59000000,225.12000000,202.00000000,219.14000000,929409.42709000,1564099199999,199229448.04698500,525657,481720.75414000,103269533.14925180,0
1564099200.0,219.14000000,223.30000000,198.24000000,211.62000000,717792.56459000,1564358399999,152185825.48071210,446040,355977.66106000,75521749.29664090,0
1564358400.0,211.58000000,218.79000000,204.40000000,218.42000000,656838.63051000,1564617599999,138896996.51162240,385270,356187.60911000,75305455.84594330,0
1564617600.0,218.42000000,224.51000000,210.54000000,222.14000000,575265.17179000,1564876799999,125457428.07360190,351149,293517.56200000,64047906.83122550,0
1564876800.0,222.14000000,239.15000000,216.90000000,226.28000000,784857.37950000,1565135999999,179389465.55622160,436526,398834.78546000,91167081.92107160,0
1565136000.0,226.31000000,231.25000000,207.30000000,210.53000000,748053.18550000,1565395199999,165281189.30953780,432519,375681.08299000,83059640.85323260,0
1565395200.0,210.52000000,216.94000000,202.60000000,211.41000000,563849.06056000,1565654399999,118501282.07707110,341153,290904.59173000,61170931.70334230,0
1565654400.0,211.58000000,214.30000000,181.23000000,188.03000000,730104.56558000,1565913599999,142642606.29120150,393156,339753.00858000,66435070.82370710,0
1565913600.0,187.98000000,197.91000000,178.04000000,194.33000000,596340.13712000,1566172799999,111200208.46774310,354473,303956.18716000,56724181.05633840,0
1566172800.0,194.32000000,203.59000000,179.53000000,187.45000000,713812.99468000,1566431999999,138521794.99141320,376380,360372.30431000,69980924.64744070,0
1566432000.0,187.45000000,196.19000000,182.80000000,190.60000000,605930.84618000,1566691199999,115235553.48179220,392386,319138.30221000,60702985.49288490,0
1566691200.0,190.60000000,193.70000000,182.80000000,187.24000000,582159.27294000,1566950399999,109747816.10633570,329804,298856.34257000,56363283.47014230,0
1566950400.0,187.30000000,188.25000000,163.61000000,168.50000000,868338.52229000,1567209599999,149554013.73220060,403295,428964.07261000,73821952.83880770,0
1567209600.0,168.48000000,181.00000000,165.63000000,178.05000000,680767.03198000,1567468799999,117057404.22364260,311057,367617.83888000,63203381.34518960,0
1567468800.0,178.00000000,183.00000000,168.10000000,173.75000000,846837.94214000,1567727999999,149498711.41024030,411480,440187.38499000,77742572.37712850,0
1567728000.0,173.74000000,184.18000000,165.00000000,181.19000000,859737.08654000,1567987199999,151274928.63096390,424922,434458.49682000,76434880.20172120,0
1567987200.0,181.18000000,185.38000000,173.00000000,178.28000000,790672.92575000,1568246399999,142066255.11488070,387545,403568.61643000,72551402.00866380,0
1568246400.0,178.30000000,188.79000000,176.62000000,188.13000000,747337.51145000,1568505599999,135226959.81335900,325676,420703.21055000,76175223.44709830,0
1568505600.0,188.14000000,215.13000000,185.76000000,207.84000000,1555798.65133000,1568764799999,306767742.28483100,486124,804620.16990000,158635664.90671610,0
1568764800.0,207.85000000,223.94000000,202.30000000,218.03000000,1821191.45837000,1569023999999,389368476.70970860,546939,905878.29019000,193675969.26206020,0
1569024000.0,218.01000000,221.50000000,198.65000000,201.29000000,1255717.54291000,1569283199999,265223790.20071160,335654,626121.53141000,132279772.29852740,0
1569283200.0,201.25000000,202.98000000,150.03000000,165.92000000,3137162.46075000,1569542399999,538979621.93798970,837254,1567424.82578000,269251270.66080630,0
1569542400.0,165.92000000,176.72000000,161.03000000,169.24000000,1567563.55476000,1569801599999,265909628.71408350,479386,806605.75197000,136813508.16796920,0
1569801600.0,169.26000000,185.53000000,165.01000000,180.24000000,1538383.12418000,1570060799999,271311556.71385060,440506,778895.22647000,137367370.69006660,0
1570060800.0,180.24000000,180.72000000,169.55000000,176.25000000,967143.04125000,1570319999999,169118702.06530830,281110,497871.90534000,87073224.91660420,0
1570320000.0,176.23000000,184.87000000,167.68000000,180.60000000,1212288.25495000,1570579199999,214292624.67765870,414389,618083.89758000,109273434.60851980,0
1570579200.0,180.61000000,196.65000000,178.96000000,180.72000000,1620789.03766000,1570838399999,304792168.64388550,513883,823882.57719000,154983806.48822820,0
1570838400.0,180.65000000,187.54000000,177.59000000,186.72000000,817737.29881000,1571097599999,149457556.08214060,356138,418411.75301000,76497477.30529910,0
1571097600.0,186.70000000,188.37000000,171.81000000,177.16000000,1052027.13548000,1571356799999,187756330.16715100,440080,532027.18916000,94934705.97362020,0
1571356800.0,177.17000000,177.44000000,168.66000000,175.22000000,915662.28686000,1571615999999,158209400.72122350,392844,468179.07018000,80905998.71079310,0
1571616000.0,175.18000000,177.90000000,153.45000000,162.35000000,1272993.02815000,1571875199999,212506895.67782220,490015,614398.54279000,102737678.37908760,0
1571875200.0,162.35000000,197.74000000,158.72000000,179.49000000,2503881.13509000,1572134399999,442822923.62041710,800703,1296494.62846000,229204453.55324090,0
1572134400.0,179.42000000,192.74000000,176.22000000,190.46000000,1836567.35610000,1572393599999,338288279.90771720,700599,950140.93678000,174993436.81785380,0
1572393600.0,190.45000000,191.71000000,177.02000000,182.85000000,1280260.06123000,1572652799999,234297029.76106240,516518,652055.29113000,119280350.39050830,0
1572652800.0,182.86000000,188.64000000,178.95000000,185.71000000,733661.21020000,1572911999999,134554668.39936770,364533,381673.98663000,70019484.39576720,0
1572912000.0,185.71000000,195.09000000,182.22000000,186.68000000,1042770.65166000,1573171199999,196658301.26480960,497553,528941.57639000,99794567.03603480,0
1573171200.0,186.67000000,191.58000000,181.41000000,188.96000000,832043.66519000,1573430399999,154396008.45709690,413433,412981.23108000,76668948.37130750,0
1573430400.0,188.96000000,190.19000000,182.41000000,188.11000000,709636.40549000,1573689599999,132319349.74539060,342198,356505.95476000,66494190.18342190,0
1573689600.0,188.07000000,188.72000000,177.67000000,182.37000000,825773.61511000,1573948799999,151119474.28666350,360730,400360.73378000,73285321.58779430,0
1573948800.0,182.37000000,186.09000000,172.65000000,175.94000000,768330.31462000,1574207999999,137909809.93681880,351400,371893.34685000,66773438.33790870,0
1574208000.0,175.93000000,177.41000000,138.00000000,149.56000000,1668189.10095000,1574467199999,264238892.98787210,609222,801107.32418000,127085231.94830780,0
1574467200.0,149.55000000,154.33000000,131.45000000,145.69000000,1471715.72821000,1574726399999,213285654.07894670,575239,727019.49859000,105454277.40299770,0
1574726400.0,145.81000000,155.54000000,140.84000000,150.72000000,1236534.03464000,1574985599999,183703623.71474240,449105,622175.89771000,92506856.91043910,0
1574985600.0,150.69000000,157.60000000,145.79000000,150.73000000,899753.80945000,1575244799999,136416023.38263410,351956,459738.55695000,69740531.50358510,0
1575244800.0,150.72000000,151.98000000,143.15000000,145.38000000,864598.94612000,1575503999999,127670339.81755800,344378,425857.01222000,62909318.04991290,0
1575504000.0,145.45000000,149.77000000,143.64000000,147.14000000,660219.91141000,1575763199999,97126319.33611710,272447,352488.56576000,51850228.57698530,0
1575763200.0,147.16000000,151.62000000,143.81000000,145.56000000,652293.44446000,1576022399999,96698837.06590870,257695,324087.44592000,48067714.10248480,0
1576022400.0,145.53000000,146.34000000,139.24000000,144.80000000,580153.59477000,1576281599999,83401348.16787110,259870,292582.84869000,42074571.20864840,0
1576281600.0,144.80000000,145.07000000,127.93000000,132.73000000,748441.11020000,1576540799999,103154833.76337160,307799,348684.94276000,48063402.86768720,0
1576540800.0,132.72000000,134.87000000,116.26000000,128.10000000,1868893.09055000,1576799999999,236042484.02344170,585826,946448.64615000,119493004.39205770,0
1576800000.0,128.10000000,133.07000000,125.84000000,132.09000000,602234.30784000,1577059199999,77404385.30130540,246797,305621.84580000,39299519.41469910,0
1577059200.0,132.12000000,135.10000000,123.07000000,125.09000000,847242.34843000,1577318399999,109313440.22286230,326921,393902.84146000,50843268.06975280,0
1577318400.0,125.09000000,132.26000000,121.91000000,128.11000000,711892.41825000,1577577599999,90141000.94539910,287617,340243.95937000,43113466.97566950,0
1577577600.0,128.11000000,138.07000000,127.52000000,129.16000000,901628.47040000,1577836799999,119208269.92422100,311876,439609.18837000,58125230.94012750,0
1577836800.0,129.16000000,135.14000000,125.88000000,134.35000000,771582.76898000,1578095999999,100578460.14346260,334391,405577.75606000,52886552.35099810,0
1578096000.0,134.37000000,144.41000000,132.50000000,144.15000000,846416.89820000,1578355199999,116635367.65948480,370460,412141.09460000,56823235.28367370,0
1578355200.0,144.14000000,147.77000000,135.30000000,137.74000000,1384303.81614000,1578614399999,195658118.72136180,570597,692131.48848000,97856064.63064990,0
1578614400.0,137.73000000,148.05000000,135.32000000,146.54000000,1007296.03583000,1578873599999,143639736.94666460,434643,514545.99474000,73352630.84913180,0
1578873600.0,146.56000000,171.98000000,142.27000000,166.40000000,2038160.73432000,1579132799999,322620039.54520070,675135,1019585.00936000,161456235.57778190,0
1579132800.0,166.40000000,179.50000000,157.80000000,174.14000000,1912134.72554000,1579391999999,323336254.83778200,693635,947259.42653000,160322722.53466240,0
1579392000.0,174.10000000,178.05000000,161.24000000,169.49000000,1290781.80544000,1579651199999,216599136.10411690,460177,643848.39787000,107993582.13052620,0
1579651200.0,169.48000000,171.47000000,155.55000000,162.54000000,1075668.45173000,1579910399999,175855517.99799030,407560,512242.96190000,83810896.54254020,0
1579910400.0,162.51000000,172.56000000,157.61000000,170.08000000,837399.02872000,1580169599999,138282264.25878190,369148,433279.27045000,71534901.55156220,0
1580169600.0,170.04000000,187.00000000,170.03000000,184.69000000,1268538.45860000,1580428799999,222801801.84961630,513510,642094.27619000,112771644.41686130,0
1580428800.0,184.71000000,193.43000000,175.22000000,188.44000000,1197587.79886000,1580687999999,221001843.90820660,504171,588582.70050000,108713903.80598280,0
1580688000.0,188.48000000,207.61000000,184.69000000,203.78000000,1334507.76884000,1580947199999,256716503.67590460,596494,679909.20377000,130887876.22454730,0
1580947200.0,203.78000000,227.75000000,201.02000000,223.05000000,1786153.25261000,1581206399999,388468532.68737430,801751,893323.19516000,194317478.62257060,0
1581206400.0,223.01000000,239.15000000,216.37000000,236.69000000,1456328.64624000,1581465599999,328923864.57480740,666593,737999.78132000,166761058.83318270,0
1581465600.0,236.69000000,287.15000000,236.69000000,285.15000000,2862697.22418000,1581724799999,759387877.22521280,1146346,1441475.50379000,382430787.19431910,0
1581724800.0,285.11000000,288.41000000,237.41000000,267.85000000,3081302.99763000,1581983999999,802927569.13510570,1182545,1488911.48503000,388097241.81540150,0
1581984000.0,267.90000000,285.88000000,245.34000000,256.96000000,2794466.88671000,1582243199999,745433333.07549860,1103398,1388428.44620000,370334130.59448530,0
1582243200.0,256.97000000,275.68000000,253.61000000,274.48000000,1283631.22356000,1582502399999,339653689.71925020,529580,652092.17535000,172569222.33463890,0
1582502400.0,274.50000000,277.20000000,215.66000000,223.93000000,2867262.15517000,1582761599999,707621554.87447260,994973,1369088.87520000,338246401.85723290,0
1582761600.0,223.98000000,238.30000000,210.00000000,217.21000000,2875654.72565000,1583020799999,647023332.64914530,974865,1414258.42465000,318383598.86108730,0
1583020800.0,217.29000000,234.40000000,212.36000000,223.91000000,2266566.05096000,1583279999999,508103931.05752340,777360,1133578.00523000,254183418.42314010,0
1583280000.0,223.84000000,245.16000000,220.23000000,244.88000000,1673407.53929000,1583539199999,386295860.66128130,628580,845190.25524000,195287281.16056160,0
1583539200.0,244.93000000,251.93000000,190.00000000,202.81000000,3574054.26956000,1583798399999,764577922.01471980,1124404,1724569.74298000,368979206.82564090,0
1583798400.0,202.79000000,206.20000000,101.20000000,107.82000000,5914618.14913000,1584057599999,962436827.61486420,1613838,2851749.43163000,465815431.62416600,0
1584057600.0,107.67000000,139.68000000,86.00000000,123.78000000,7213865.71640000,1584316799999,883339462.66388530,1944648,3612465.91879000,442725640.29471280,0
1584316800.0,123.82000000,124.33000000,101.10000000,118.11000000,4939022.94203000,1584575999999,558705467.96247530,1387847,2450234.27234000,277247497.33250540,0
1584576000.0,118.11000000,152.55000000,115.46000000,132.66000000,5536970.93736000,1584835199999,739951386.68081870,1597651,2752957.48500000,368161855.00180570,0
1584835200.0,132.63000000,143.36000000,119.50000000,138.42000000,3736873.15315000,1585094399999,491935913.89609110,1135666,1899680.63016000,250121670.19230670,0
1585094400.0,138.42000000,142.33000000,129.68000000,131.33000000,2492257.92030000,1585353599999,340295979.57811120,790923,1233596.34079000,168503541.09552480,0
1585353600.0,131.33000000,135.42000000,123.81000000,132.06000000,2204861.03341000,1585612799999,284872000.03810890,699258,1082390.95105000,139978577.86878870,0
1585612800.0,132.09000000,149.76000000,128.62000000,141.28000000,2367569.18650000,1585871999999,322671614.31593820,686848,1173494.67120000,160062324.01800500,0
1585872000.0,141.27000000,146.72000000,137.26000000,142.68000000,1786041.70778000,1586131199999,254756275.67087350,552791,875795.14745000,124974350.71396590,0
1586131200.0,142.69000000,176.22000000,142.60000000,173.11000000,4377877.47724000,1586390399999,723724805.15227880,1167214,2205133.14150000,364425424.37551140,0
1586390400.0,173.15000000,173.38000000,152.11000000,158.33000000,2656278.21912000,1586649599999,430342278.34226640,704017,1293208.16240000,209584908.23659070,0
1586649600.0,158.33000000,164.78000000,150.00000000,158.45000000,2549221.93305000,1586908799999,401053290.85148930,657884,1259951.84376000,198240641.86844040,0
1586908800.0,158.46000000,174.96000000,148.33000000,170.69000000,3099865.02087000,1587167999999,511833456.50458260,767369,1529395.60795000,252614382.05100760,0
1587168000.0,170.61000000,189.54000000,166.70000000,170.20000000,3670877.47466000,1587427199999,658402565.26290490,922429,1794129.24388000,321842652.53231920,0
1587427200.0,170.21000000,193.63000000,168.00000000,185.51000000,3352947.13187000,1587686399999,602234036.73185510,838930,1662280.36933000,298609554.44384410,0
1587686400.0,185.57000000,200.00000000,184.72000000,197.38000000,2405908.07718000,1587945599999,462556660.28388620,695655,1190331.42785000,229014626.09397220,0
1587945600.0,197.39000000,218.77000000,189.29000000,215.36000000,3153879.99099000,1588204799999,637576273.45395080,867307,1567988.60140000,317258917.51479930,0
1588204800.0,215.40000000,227.30000000,202.00000000,213.90000000,2988099.63227000,1588463999999,637621654.65003870,1034435,1455712.14007000,310790416.38886060,0
1588464000.0,213.89000000,219.30000000,194.88000000,205.29000000,2503277.90237000,1588723199999,516232259.64152240,864666,1218378.88535000,251181213.16696830,0
1588723200.0,205.30000000,216.61000000,196.43000000,211.31000000,3086387.61053000,1588982399999,643934909.69363230,913734,1517505.19792000,316736804.55103480,0
1588982400.0,211.32000000,214.60000000,176.00000000,185.73000000,3154397.85475000,1589241599999,606412292.39294380,924086,1516134.44300000,291575626.43749780,0
1589241600.0,185.80000000,206.02000000,185.48000000,203.29000000,2590599.05208000,1589500799999,507682194.65980530,691933,1304084.81205000,255537198.27587210,0
1589500800.0,203.29000000,209.85000000,191.66000000,207.00000000,2283361.56639000,1589759999999,459036152.79830800,585256,1150458.42897000,231373659.07234540,0
1589760000.0,207.02000000,217.07000000,204.27000000,209.98000000,2387374.84736000,1590019199999,507340781.88212680,630727,1188339.06094000,252629694.97006760,0
1590019200.0,209.99000000,211.64000000,191.71000000,206.60000000,2270155.71507000,1590278399999,462879387.60167570,626803,1116267.35204000,227599181.80060530,0
1590278400.0,206.60000000,210.55000000,196.90000000,200.89000000,1620643.41806000,1590537599999,330446038.88934670,544028,801452.57838000,163487358.27595230,0
1590537600.0,200.92000000,224.79000000,200.76000000,220.67000000,1741820.78086000,1590796799999,371027023.86754930,604738,907017.62842000,193177061.75597330,0
1590796800.0,220.63000000,250.68000000,218.80000000,248.23000000,2664976.13966000,1591055999999,632338177.95053480,980425,1319331.82618000,313146889.19605710,0
1591056000.0,248.23000000,253.80000000,225.00000000,243.21000000,2127818.39154000,1591315199999,513320026.11595200,822435,1054761.76292000,254533666.39496390,0
1591315200.0,243.22000000,247.87000000,234.60000000,244.56000000,1463073.04416000,1591574399999,353229087.97722600,593524,726193.18403000,175408025.22403240,0
1591574400.0,244.57000000,250.28000000,238.00000000,247.78000000,1234729.33567000,1591833599999,301526977.78963160,531285,617397.25898000,150850920.79990850,0
1591833600.0,247.78000000,250.09000000,226.20000000,238.11000000,1516770.01375000,1592092799999,360220979.01902110,629187,724979.73695000,172209900.68721560,0
1592092800.0,238.13000000,238.59000000,218.27000000,235.30000000,1679164.80003000,1592351999999,385939383.09031450,654355,813368.76310000,187061020.88035330,0
1592352000.0,235.31000000,237.30000000,226.74000000,229.00000000,1209819.68895000,1592611199999,280074835.54467260,496150,587591.11266000,136054751.18859770,0
1592611200.0,229.00000000,246.89000000,225.62000000,243.13000000,1309040.33674000,1592870399999,306919022.60496660,495704,661860.17607000,155250183.50187960,0
1592870400.0,243.11000000,249.24000000,227.56000000,232.50000000,1977678.96165000,1593129599999,470917506.33847840,654860,985296.46270000,234627226.08393200,0
1593129600.0,232.49000000,233.61000000,216.00000000,224.93000000,1719057.25326000,1593388799999,389493677.59472100,543961,848614.56109000,192227350.12692080,0
1593388800.0,224.89000000,232.71000000,221.26000000,230.99000000,1530303.14084000,1593647999999,346635671.32619820,503625,773662.56613000,175287757.31356160,0
1593648000.0,230.99000000,232.01000000,222.87000000,229.17000000,1214790.87748000,1593907199999,276163421.90668330,483799,592210.30428000,134652448.43441490,0
1593907200.0,229.24000000,243.77000000,223.05000000,239.39000000,1820989.59915000,1594166399999,426986216.84445260,633853,910664.15210000,213631926.84010880,0
1594166400.0,239.39000000,248.88000000,235.72000000,241.26000000,2060852.54384000,1594425599999,499808533.22509610,734286,1020865.56505000,247570924.59394420,0
1594425600.0,241.27000000,245.33000000,236.52000000,239.50000000,1367884.16591000,1594684799999,329229402.02252760,582026,687662.17147000,165558213.15525050,0
1594684800.0,239.50000000,242.09000000,230.02000000,233.57000000,1381833.29600000,1594943999999,327373032.81694050,549826,675198.73553000,159976701.25704960,0
1594944000.0,233.58000000,239.92000000,231.65000000,239.11000000,1015760.35337000,1595203199999,238097879.24851430,430478,506312.42284000,118701072.47815530,0
1595203200.0,239.12000000,269.61000000,234.05000000,263.74000000,1752537.68308000,1595462399999,429509297.09335430,678000,911066.08960000,223415293.71030490,0
1595462400.0,263.75000000,308.94000000,259.70000000,305.26000000,3053734.95125000,1595721599999,852364077.62941390,1165864,1561517.73512000,436083131.32690200,0
1595721600.0,305.31000000,333.31000000,299.00000000,316.77000000,3999722.65605000,1595980799999,1265827547.88651360,1589904,1974023.73110000,625061192.32096980,0
1595980800.0,316.77000000,349.45000000,312.38000000,346.33000000,2749718.33828000,1596239999999,905771095.66762010,1220106,1431559.86829000,471674297.09071290,0
1596240000.0,346.32000000,415.85000000,325.00000000,385.94000000,4957317.53208000,1596499199999,1868111068.63890590,2094538,2505916.93791000,944630862.27881320,0
1596499200.0,385.91000000,407.00000000,380.77000000,394.77000000,3126290.57496000,1596758399999,1231847937.07026840,1351586,1552746.49564000,612153225.10545780,0
1596758400.0,394.77000000,400.00000000,362.85000000,390.14000000,2259137.72132000,1597017599999,872682228.01559400,1086236,1119606.83461000,432969900.61490770,0
1597017600.0,390.14000000,399.18000000,365.85000000,387.18000000,2571231.30693000,1597276799999,994226517.16282510,1203828,1253638.85138000,484965365.84388000,0
1597276800.0,387.18000000,444.71000000,376.59000000,432.32000000,3302700.31354000,1597535999999,1378644525.67600890,1488990,1670271.27022000,696488723.91878150,0
1597536000.0,432.30000000,446.00000000,412.47000000,421.95000000,2328791.47272000,1597795199999,997120172.31710820,1189441,1136791.13319000,486984564.56262040,0
1597795200.0,421.92000000,426.75000000,385.10000000,387.97000000,2502894.15226000,1598054399999,1020956908.99037820,1192751,1188751.30115000,485111608.96717960,0
1598054400.0,387.93000000,410.42000000,379.92000000,407.68000000,1805957.40409000,1598313599999,711861645.65292690,835855,907829.30983000,358094220.63857920,0
1598313600.0,407.68000000,409.06000000,370.00000000,383.27000000,2586899.89993000,1598572799999,996833645.57478670,1154893,1277328.81306000,492220128.02914300,0
1598572800.0,383.31000000,429.89000000,379.75000000,428.94000000,2287383.82037000,1598831999999,920809956.12130220,1007760,1166829.83046000,469715207.64903600,0
1598832000.0,428.94000000,488.84000000,418.04000000,439.50000000,4672745.73453000,1599091199999,2106004280.55168330,2044842,2322058.02483000,1046305484.51354040,0
1599091200.0,439.50000000,450.70000000,308.42000000,335.01000000,6992224.08014000,1599350399999,2659956636.02934660,2722662,3420453.76862000,1301652805.61130470,0
1599350400.0,335.04000000,360.00000000,316.10000000,337.39000000,5158676.40145000,1599609599999,1765124172.64228630,2115509,2560492.57186000,875923511.63146690,0
1599609600.0,337.41000000,377.25000000,330.51000000,373.63000000,2858065.77358000,1599868799999,1030331554.60059390,1261472,1438899.26735000,518725392.33428790,0
1599868800.0,373.62000000,390.43000000,350.00000000,377.12000000,2797797.62947000,1600127999999,1042342184.44175100,1225838,1384358.35576000,515930008.09201750,0
1600128000.0,377.12000000,394.14000000,355.00000000,389.36000000,2981866.73044000,1600387199999,1113965958.53651290,1281960,1476808.55303000,552136949.11901990,0
1600387200.0,389.35000000,392.58000000,365.00000000,371.04000000,2068267.20916000,1600646399999,787235237.43442120,829378,1005288.19209000,382672665.58009690,0
1600646400.0,371.04000000,376.80000000,313.29000000,320.72000000,3067581.65732000,1600905599999,1054110470.23953390,1082379,1472446.72165000,506017361.82201470,0
1600905600.0,320.72000000,358.00000000,316.67000000,353.92000000,2463228.08400000,1601164799999,845787768.58046510,899820,1235667.97321000,424378919.73878080,0
1601164800.0,353.95000000,368.20000000,347.24000000,359.79000000,1912470.14973000,1601423999999,683503346.96034050,706831,939455.87241000,335825489.81395500,0
1601424000.0,359.78000000,370.45000000,334.24000000,345.60000000,1990864.39396000,1601683199999,701082691.83581100,748287,978638.96614000,344858203.75490660,0
1601683200.0,345.60000000,356.10000000,343.70000000,353.62000000,1024268.94305000,1601942399999,358019881.10209470,421278,512159.62835000,179016632.52211750,0
1601942400.0,353.63000000,355.10000000,332.18000000,350.95000000,1813787.00887000,1602201599999,622961306.95526440,655977,911416.34295000,313133979.77038040,0
1602201600.0,350.94000000,378.40000000,347.32000000,374.16000000,1614801.75246000,1602460799999,592816307.43780340,659468,835025.03112000,306442039.03676320,0
1602460800.0,374.17000000,394.80000000,365.58000000,378.69000000,2059122.39774000,1602719999999,783151634.49802700,763335,1020928.42960000,388407299.87350540,0
1602720000.0,378.69000000,381.79000000,361.18000000,368.32000000,1573645.70394000,1602979199999,584363627.94248240,610274,756657.93910000,281055654.61859960,0
1602979200.0,368.31000000,384.32000000,365.27000000,368.52000000,1518031.19037000,1603238399999,569119534.37511350,608981,736310.90889000,276038462.20551420,0
1603238400.0,368.53000000,420.73000000,367.74000000,409.11000000,3045393.16691000,1603497599999,1219643026.14817050,1156647,1546088.00984000,619065436.61679300,0
1603497600.0,409.19000000,417.40000000,382.30000000,392.52000000,1729966.51982000,1603756799999,699063048.55313910,690027,807970.96562000,326717183.86273320,0
1603756800.0,392.52000000,410.25000000,380.52000000,387.13000000,2182615.85850000,1604015999999,860943591.00559430,883527,1063269.78250000,419548622.60653690,0
1604016000.0,387.12000000,398.29000000,373.29000000,396.67000000,1678157.51361000,1604275199999,646717715.13493970,689632,850733.75718000,327950035.71479180,0
1604275200.0,396.68000000,408.39000000,370.23000000,402.49000000,2689987.30147000,1604534399999,1044996528.26252870,963092,1350382.27281000,525146114.28949340,0
1604534400.0,402.50000000,468.28000000,396.14000000,435.21000000,4810997.32978000,1604793599999,2081477561.81058270,1854937,2448171.18904000,1060515520.89072240,0
1604793600.0,435.20000000,460.10000000,431.99000000,450.34000000,2806994.12590000,1605052799999,1255797461.42417810,1208516,1384724.84501000,619723532.57993750,0
1605052800.0,450.34000000,478.01000000,449.28000000,476.43000000,3173224.56926000,1605311999999,1471433038.31333580,1399563,1607189.70805000,745635405.32659150,0
1605312000.0,476.42000000,477.47000000,440.19000000,460.55000000,2212530.79849000,1605571199999,1012438090.35224220,990985,1061903.97365000,486093726.51036790,0
1605571200.0,460.51000000,495.31000000,456.60000000,471.25000000,3446688.19257000,1605830399999,1638143174.17206790,1506714,1722316.90501000,819089431.86708420,0
1605830400.0,471.26000000,580.88000000,470.65000000,560.03000000,4915531.13384000,1606089599999,2586126960.47171800,2025640,2481493.37613000,1304982593.39533940,0
1606089600.0,560.03000000,623.00000000,550.12000000,569.50000000,4901899.36766000,1606348799999,2911499776.29747250,2391764,2433880.98672000,1446381624.71491230,0
1606348800.0,569.38000000,577.14000000,481.00000000,537.52000000,4672033.63716000,1606607999999,2420184638.76082520,2293879,2304601.39214000,1194220010.53266390,0
1606608000.0,537.50000000,635.70000000,530.32000000,585.26000000,4521141.73448000,1606867199999,2667671330.39302310,2190725,2256027.98492000,1331544201.38821310,0
1606867200.0,585.26000000,623.44000000,565.82000000,567.24000000,3057679.36008000,1607126399999,1825427138.04692740,1674787,1502628.18157000,897858375.76315740,0
1607126400.0,567.24000000,607.50000000,560.88000000,591.28000000,1802394.29492000,1607385599999,1065217112.06552610,1100297,910669.46162000,538522172.34911660,0
1607385600.0,591.27000000,595.00000000,530.43000000,558.99000000,2410049.68921000,1607644799999,1358275485.31143460,1335391,1176582.97008000,663245594.78558990,0
1607644800.0,558.99000000,595.00000000,535.50000000,590.70000000,2000630.19786000,1607903999999,1123547343.25563190,1081174,998443.85716000,560842080.56270050,0
1607904000.0,590.81000000,640.00000000,575.60000000,637.18000000,2247870.59795000,1608163199999,1347662646.72961530,1191470,1151545.55242000,690739384.31718140,0
1608163200.0,637.18000000,676.25000000,625.76000000,658.03000000,3864946.88452000,1608422399999,2517692757.61036330,2091120,1893399.12298000,1233400984.24454190,0
1608422400.0,658.05000000,661.39000000,588.00000000,636.45000000,2586060.65062000,1608681599999,1621189964.19406320,1549715,1269747.11157000,796068898.37909820,0
1608681600.0,636.41000000,638.44000000,551.28000000,625.00000000,2412304.82696000,1608940799999,1448384500.52868720,1483858,1181696.81909000,709816974.04609770,0
